section,metric,tier,V1_n,V1_mean,V1_stdev,V1_min,V1_max,V2_n,V2_mean,V2_stdev,V2_min,V2_max,difference_v2_minus_v1,percent_difference,winner,sign_test_p,sign_test_unanimous,seed,arm,value,nnz,input_type,V1_lift,V2_lift,V1_decode_validity,V2_decode_validity
equal_depth,Validation loss (nats),primary,5,1.8096422,0.04689735742768457,1.741287,1.843136,3,0.913606,0.023194681998251237,0.893135,0.938798,-0.8960362000000001,-49.514550445386384,V2,0.25,True,,,,,,,,,
equal_depth,SALSA acc_tau,primary,5,0.223242,0.11970312675323064,0.103516,0.35498,3,0.9863283333333334,0.0021282897672388213,0.983887,0.987793,0.7630863333333333,341.8202369327158,V2,0.25,True,,,,,,,,,
equal_depth,Exact integer accuracy,primary,5,0.0059568,0.0034937583917609414,0.001953,0.010742,3,0.11100266666666665,0.009165592852256385,0.101074,0.119141,0.10504586666666665,1763.4613662816723,V2,0.25,True,,,,,,,,,
equal_depth,Token accuracy,secondary,5,0.4783528,0.04075692460429272,0.44515,0.532389,3,0.7013886666666668,0.003937711560454032,0.69694,0.704427,0.22303586666666675,46.62580979282796,V2,0.25,True,,,,,,,,,
equal_depth,Greedy token accuracy,secondary,5,0.45172540000000005,0.01411366098147464,0.44222,0.475749,3,0.6876083333333334,0.004840235152689737,0.682454,0.692057,0.23588293333333332,52.218213395424144,V2,0.25,True,,,,,,,,,
equal_depth,Perfect accuracy,secondary,5,0.0059568,0.0034937583917609414,0.001953,0.010742,3,0.11100266666666665,0.009165592852256385,0.101074,0.119141,0.10504586666666665,1763.4613662816723,V2,0.25,True,,,,,,,,,
equal_depth,Mean |b - b_hat|,secondary,5,87.30352,28.36298737187252,63.4736,119.7432,3,6.0026,0.5937942657183548,5.6323,6.6875,-81.30092,-93.12444675770233,V2,0.25,True,,,,,,,,,
equal_depth,Decode failure rate,secondary,5,0.0,0.0,0.0,0.0,3,0.0,0.0,0.0,0.0,0.0,,TIE,,,,,,,,,,,
equal_depth,Samples/sec,efficiency,5,360.55460000000005,15.306447736166628,344.001,375.706,3,108.21733333333333,10.751761545594906,96.085,116.565,-252.33726666666672,-69.9858680673237,V1,0.25,True,,,,,,,,,
equal_depth,Tokens/sec,efficiency,5,1081.6399999999999,45.91092462584477,1032.0,1127.1,3,324.6666666666667,32.23078238785606,288.3,349.7,-756.9733333333331,-69.98385168201372,V1,0.25,True,,,,,,,,,
equal_depth,Wall-clock (s),efficiency,5,353.0878078460693,15.54805321795535,338.26287627220154,370.4971249103546,3,1200.8049782911937,113.23777101692623,1074.8543629646301,1294.1961479187012,847.7171704451243,240.08678623496724,V1,0.25,True,,,,,,,,,
equal_depth,CPU RSS (MiB),efficiency,5,712.359375,102.14902575117426,601.171875,836.671875,3,375.7604166666667,13.634040469707518,365.46484375,391.22265625,-336.5989583333333,-47.25128497583587,V2,0.25,True,,,,,,,,,
equal_depth,Trainable parameters,efficiency,5,4131200.0,0.0,4131200,4131200,3,4241288.0,0.0,4241288,4241288,110088.0,2.6647947327652983,V1,0.25,True,,,,,,,,,
depth_ablation_Te4_vs_Te2,Validation loss (nats),primary,5,0.9607530000000001,0.07526552202037791,0.892352,1.08272,3,0.913606,0.023194681998251237,0.893135,0.938798,-0.04714700000000005,-4.907296672505841,V2,0.25,,,,,,,,,,
depth_ablation_Te4_vs_Te2,SALSA acc_tau,primary,5,0.986914,0.0033370453997510698,0.984375,0.992188,3,0.9863283333333334,0.0021282897672388213,0.983887,0.987793,-0.0005856666666665955,-0.05934323220327157,V1,1.0,,,,,,,,,,
depth_ablation_Te4_vs_Te2,Exact integer accuracy,primary,5,0.1012694,0.017286020328577657,0.072754,0.115234,3,0.11100266666666665,0.009165592852256385,0.101074,0.119141,0.009733266666666657,9.611261315527353,V2,1.0,,,,,,,,,,
depth_ablation_Te4_vs_Te2,Token accuracy,secondary,5,0.6988932,0.006086628557748524,0.688965,0.704264,3,0.7013886666666668,0.003937711560454032,0.69694,0.704427,0.002495466666666779,0.3570598006486226,V2,1.0,,,,,,,,,,
depth_ablation_Te4_vs_Te2,Greedy token accuracy,secondary,5,0.6838216,0.009161168800977344,0.669271,0.692057,3,0.6876083333333334,0.004840235152689737,0.682454,0.692057,0.0037867333333333475,0.5537604154845865,V2,1.0,,,,,,,,,,
depth_ablation_Te4_vs_Te2,Perfect accuracy,secondary,5,0.1012694,0.017286020328577657,0.072754,0.115234,3,0.11100266666666665,0.009165592852256385,0.101074,0.119141,0.009733266666666657,9.611261315527353,V2,1.0,,,,,,,,,,
depth_ablation_Te4_vs_Te2,Mean |b - b_hat|,secondary,5,6.13662,1.0709528150203445,4.8418,7.6665,3,6.0026,0.5937942657183548,5.6323,6.6875,-0.13401999999999958,-2.1839383895369044,V2,1.0,,,,,,,,,,
depth_ablation_Te4_vs_Te2,Decode failure rate,secondary,5,0.0,0.0,0.0,0.0,3,0.0,0.0,0.0,0.0,0.0,,TIE,,,,,,,,,,,
depth_ablation_Te4_vs_Te2,Samples/sec,efficiency,5,263.2898,10.266168696256656,248.653,274.632,3,108.21733333333333,10.751761545594906,96.085,116.565,-155.07246666666668,-58.8980152921483,V1,0.25,,,,,,,,,,
depth_ablation_Te4_vs_Te2,Tokens/sec,efficiency,5,789.9,30.790501782205496,746.0,823.9,3,324.6666666666667,32.23078238785606,288.3,349.7,-465.2333333333333,-58.89775077013968,V1,0.25,,,,,,,,,,
depth_ablation_Te4_vs_Te2,Wall-clock (s),efficiency,5,463.97228636741636,18.928218845842995,443.07118105888367,491.43791675567627,3,1200.8049782911937,113.23777101692623,1074.8543629646301,1294.1961479187012,736.8326919237774,158.8096344487879,V1,0.25,,,,,,,,,,
depth_ablation_Te4_vs_Te2,CPU RSS (MiB),efficiency,5,625.825,48.18305827251096,573.8125,701.96875,3,375.7604166666667,13.634040469707518,365.46484375,391.22265625,-250.06458333333336,-39.95758931543696,V2,0.25,,,,,,,,,,
depth_ablation_Te4_vs_Te2,Trainable parameters,efficiency,5,4241288.0,0.0,4241288,4241288,3,4241288.0,0.0,4241288,4241288,0.0,0.0,TIE,,,,,,,,,,,
per_seed,valid_loss,,,,,,,,,,,,,,,,,0,V1_GatedUT_Te2,1.741287,,,,,,
per_seed,valid_acc_tau,,,,,,,,,,,,,,,,,0,V1_GatedUT_Te2,0.35498,,,,,,
per_seed,valid_exact_accuracy,,,,,,,,,,,,,,,,,0,V1_GatedUT_Te2,0.007812,,,,,,
per_seed,valid_token_accuracy,,,,,,,,,,,,,,,,,0,V1_GatedUT_Te2,0.532389,,,,,,
per_seed,valid_greedy_token_accuracy,,,,,,,,,,,,,,,,,0,V1_GatedUT_Te2,0.453125,,,,,,
per_seed,valid_perfect_accuracy,,,,,,,,,,,,,,,,,0,V1_GatedUT_Te2,0.007812,,,,,,
per_seed,valid_mean_distance,,,,,,,,,,,,,,,,,0,V1_GatedUT_Te2,63.4736,,,,,,
per_seed,valid_decode_failure_rate,,,,,,,,,,,,,,,,,0,V1_GatedUT_Te2,0.0,,,,,,
per_seed,samples_per_second,,,,,,,,,,,,,,,,,0,V1_GatedUT_Te2,369.079,,,,,,
per_seed,tokens_per_second,,,,,,,,,,,,,,,,,0,V1_GatedUT_Te2,1107.2,,,,,,
per_seed,elapsed_seconds,,,,,,,,,,,,,,,,,0,V1_GatedUT_Te2,344.6953458786011,,,,,,
per_seed,rss_mb,,,,,,,,,,,,,,,,,0,V1_GatedUT_Te2,766.046875,,,,,,
per_seed,parameter_count,,,,,,,,,,,,,,,,,0,V1_GatedUT_Te2,4131200,,,,,,
per_seed,valid_loss,,,,,,,,,,,,,,,,,42,V1_GatedUT_Te2,1.843136,,,,,,
per_seed,valid_acc_tau,,,,,,,,,,,,,,,,,42,V1_GatedUT_Te2,0.189453,,,,,,
per_seed,valid_exact_accuracy,,,,,,,,,,,,,,,,,42,V1_GatedUT_Te2,0.003418,,,,,,
per_seed,valid_token_accuracy,,,,,,,,,,,,,,,,,42,V1_GatedUT_Te2,0.44515,,,,,,
per_seed,valid_greedy_token_accuracy,,,,,,,,,,,,,,,,,42,V1_GatedUT_Te2,0.443197,,,,,,
per_seed,valid_perfect_accuracy,,,,,,,,,,,,,,,,,42,V1_GatedUT_Te2,0.003418,,,,,,
per_seed,valid_mean_distance,,,,,,,,,,,,,,,,,42,V1_GatedUT_Te2,71.0361,,,,,,
per_seed,valid_decode_failure_rate,,,,,,,,,,,,,,,,,42,V1_GatedUT_Te2,0.0,,,,,,
per_seed,samples_per_second,,,,,,,,,,,,,,,,,42,V1_GatedUT_Te2,344.001,,,,,,
per_seed,tokens_per_second,,,,,,,,,,,,,,,,,42,V1_GatedUT_Te2,1032.0,,,,,,
per_seed,elapsed_seconds,,,,,,,,,,,,,,,,,42,V1_GatedUT_Te2,370.4971249103546,,,,,,
per_seed,rss_mb,,,,,,,,,,,,,,,,,42,V1_GatedUT_Te2,836.671875,,,,,,
per_seed,parameter_count,,,,,,,,,,,,,,,,,42,V1_GatedUT_Te2,4131200,,,,,,
per_seed,valid_loss,,,,,,,,,,,,,,,,,123,V1_GatedUT_Te2,1.842193,,,,,,
per_seed,valid_acc_tau,,,,,,,,,,,,,,,,,123,V1_GatedUT_Te2,0.124023,,,,,,
per_seed,valid_exact_accuracy,,,,,,,,,,,,,,,,,123,V1_GatedUT_Te2,0.001953,,,,,,
per_seed,valid_token_accuracy,,,,,,,,,,,,,,,,,123,V1_GatedUT_Te2,0.446777,,,,,,
per_seed,valid_greedy_token_accuracy,,,,,,,,,,,,,,,,,123,V1_GatedUT_Te2,0.44222,,,,,,
per_seed,valid_perfect_accuracy,,,,,,,,,,,,,,,,,123,V1_GatedUT_Te2,0.001953,,,,,,
per_seed,valid_mean_distance,,,,,,,,,,,,,,,,,123,V1_GatedUT_Te2,119.7432,,,,,,
per_seed,valid_decode_failure_rate,,,,,,,,,,,,,,,,,123,V1_GatedUT_Te2,0.0,,,,,,
per_seed,samples_per_second,,,,,,,,,,,,,,,,,123,V1_GatedUT_Te2,344.041,,,,,,
per_seed,tokens_per_second,,,,,,,,,,,,,,,,,123,V1_GatedUT_Te2,1032.1,,,,,,
per_seed,elapsed_seconds,,,,,,,,,,,,,,,,,123,V1_GatedUT_Te2,369.3485789299011,,,,,,
per_seed,rss_mb,,,,,,,,,,,,,,,,,123,V1_GatedUT_Te2,601.171875,,,,,,
per_seed,parameter_count,,,,,,,,,,,,,,,,,123,V1_GatedUT_Te2,4131200,,,,,,
per_seed,valid_loss,,,,,,,,,,,,,,,,,456,V1_GatedUT_Te2,1.779645,,,,,,
per_seed,valid_acc_tau,,,,,,,,,,,,,,,,,456,V1_GatedUT_Te2,0.344238,,,,,,
per_seed,valid_exact_accuracy,,,,,,,,,,,,,,,,,456,V1_GatedUT_Te2,0.010742,,,,,,
per_seed,valid_token_accuracy,,,,,,,,,,,,,,,,,456,V1_GatedUT_Te2,0.511719,,,,,,
per_seed,valid_greedy_token_accuracy,,,,,,,,,,,,,,,,,456,V1_GatedUT_Te2,0.475749,,,,,,
per_seed,valid_perfect_accuracy,,,,,,,,,,,,,,,,,456,V1_GatedUT_Te2,0.010742,,,,,,
per_seed,valid_mean_distance,,,,,,,,,,,,,,,,,456,V1_GatedUT_Te2,65.6011,,,,,,
per_seed,valid_decode_failure_rate,,,,,,,,,,,,,,,,,456,V1_GatedUT_Te2,0.0,,,,,,
per_seed,samples_per_second,,,,,,,,,,,,,,,,,456,V1_GatedUT_Te2,375.706,,,,,,
per_seed,tokens_per_second,,,,,,,,,,,,,,,,,456,V1_GatedUT_Te2,1127.1,,,,,,
per_seed,elapsed_seconds,,,,,,,,,,,,,,,,,456,V1_GatedUT_Te2,338.26287627220154,,,,,,
per_seed,rss_mb,,,,,,,,,,,,,,,,,456,V1_GatedUT_Te2,612.59375,,,,,,
per_seed,parameter_count,,,,,,,,,,,,,,,,,456,V1_GatedUT_Te2,4131200,,,,,,
per_seed,valid_loss,,,,,,,,,,,,,,,,,789,V1_GatedUT_Te2,1.84195,,,,,,
per_seed,valid_acc_tau,,,,,,,,,,,,,,,,,789,V1_GatedUT_Te2,0.103516,,,,,,
per_seed,valid_exact_accuracy,,,,,,,,,,,,,,,,,789,V1_GatedUT_Te2,0.005859,,,,,,
per_seed,valid_token_accuracy,,,,,,,,,,,,,,,,,789,V1_GatedUT_Te2,0.455729,,,,,,
per_seed,valid_greedy_token_accuracy,,,,,,,,,,,,,,,,,789,V1_GatedUT_Te2,0.444336,,,,,,
per_seed,valid_perfect_accuracy,,,,,,,,,,,,,,,,,789,V1_GatedUT_Te2,0.005859,,,,,,
per_seed,valid_mean_distance,,,,,,,,,,,,,,,,,789,V1_GatedUT_Te2,116.6636,,,,,,
per_seed,valid_decode_failure_rate,,,,,,,,,,,,,,,,,789,V1_GatedUT_Te2,0.0,,,,,,
per_seed,samples_per_second,,,,,,,,,,,,,,,,,789,V1_GatedUT_Te2,369.946,,,,,,
per_seed,tokens_per_second,,,,,,,,,,,,,,,,,789,V1_GatedUT_Te2,1109.8,,,,,,
per_seed,elapsed_seconds,,,,,,,,,,,,,,,,,789,V1_GatedUT_Te2,342.63511323928833,,,,,,
per_seed,rss_mb,,,,,,,,,,,,,,,,,789,V1_GatedUT_Te2,745.3125,,,,,,
per_seed,parameter_count,,,,,,,,,,,,,,,,,789,V1_GatedUT_Te2,4131200,,,,,,
per_seed,valid_loss,,,,,,,,,,,,,,,,,0,V2_NACT_Te2,0.938798,,,,,,
per_seed,valid_acc_tau,,,,,,,,,,,,,,,,,0,V2_NACT_Te2,0.983887,,,,,,
per_seed,valid_exact_accuracy,,,,,,,,,,,,,,,,,0,V2_NACT_Te2,0.101074,,,,,,
per_seed,valid_token_accuracy,,,,,,,,,,,,,,,,,0,V2_NACT_Te2,0.69694,,,,,,
per_seed,valid_greedy_token_accuracy,,,,,,,,,,,,,,,,,0,V2_NACT_Te2,0.682454,,,,,,
per_seed,valid_perfect_accuracy,,,,,,,,,,,,,,,,,0,V2_NACT_Te2,0.101074,,,,,,
per_seed,valid_mean_distance,,,,,,,,,,,,,,,,,0,V2_NACT_Te2,6.6875,,,,,,
per_seed,valid_decode_failure_rate,,,,,,,,,,,,,,,,,0,V2_NACT_Te2,0.0,,,,,,
per_seed,samples_per_second,,,,,,,,,,,,,,,,,0,V2_NACT_Te2,96.085,,,,,,
per_seed,tokens_per_second,,,,,,,,,,,,,,,,,0,V2_NACT_Te2,288.3,,,,,,
per_seed,elapsed_seconds,,,,,,,,,,,,,,,,,0,V2_NACT_Te2,1294.1961479187012,,,,,,
per_seed,rss_mb,,,,,,,,,,,,,,,,,0,V2_NACT_Te2,370.59375,,,,,,
per_seed,parameter_count,,,,,,,,,,,,,,,,,0,V2_NACT_Te2,4241288,,,,,,
per_seed,valid_loss,,,,,,,,,,,,,,,,,42,V2_NACT_Te2,0.908885,,,,,,
per_seed,valid_acc_tau,,,,,,,,,,,,,,,,,42,V2_NACT_Te2,0.987793,,,,,,
per_seed,valid_exact_accuracy,,,,,,,,,,,,,,,,,42,V2_NACT_Te2,0.112793,,,,,,
per_seed,valid_token_accuracy,,,,,,,,,,,,,,,,,42,V2_NACT_Te2,0.702799,,,,,,
per_seed,valid_greedy_token_accuracy,,,,,,,,,,,,,,,,,42,V2_NACT_Te2,0.688314,,,,,,
per_seed,valid_perfect_accuracy,,,,,,,,,,,,,,,,,42,V2_NACT_Te2,0.112793,,,,,,
per_seed,valid_mean_distance,,,,,,,,,,,,,,,,,42,V2_NACT_Te2,5.688,,,,,,
per_seed,valid_decode_failure_rate,,,,,,,,,,,,,,,,,42,V2_NACT_Te2,0.0,,,,,,
per_seed,samples_per_second,,,,,,,,,,,,,,,,,42,V2_NACT_Te2,112.002,,,,,,
per_seed,tokens_per_second,,,,,,,,,,,,,,,,,42,V2_NACT_Te2,336.0,,,,,,
per_seed,elapsed_seconds,,,,,,,,,,,,,,,,,42,V2_NACT_Te2,1233.3644239902496,,,,,,
per_seed,rss_mb,,,,,,,,,,,,,,,,,42,V2_NACT_Te2,365.46484375,,,,,,
per_seed,parameter_count,,,,,,,,,,,,,,,,,42,V2_NACT_Te2,4241288,,,,,,
per_seed,valid_loss,,,,,,,,,,,,,,,,,123,V2_NACT_Te2,0.893135,,,,,,
per_seed,valid_acc_tau,,,,,,,,,,,,,,,,,123,V2_NACT_Te2,0.987305,,,,,,
per_seed,valid_exact_accuracy,,,,,,,,,,,,,,,,,123,V2_NACT_Te2,0.119141,,,,,,
per_seed,valid_token_accuracy,,,,,,,,,,,,,,,,,123,V2_NACT_Te2,0.704427,,,,,,
per_seed,valid_greedy_token_accuracy,,,,,,,,,,,,,,,,,123,V2_NACT_Te2,0.692057,,,,,,
per_seed,valid_perfect_accuracy,,,,,,,,,,,,,,,,,123,V2_NACT_Te2,0.119141,,,,,,
per_seed,valid_mean_distance,,,,,,,,,,,,,,,,,123,V2_NACT_Te2,5.6323,,,,,,
per_seed,valid_decode_failure_rate,,,,,,,,,,,,,,,,,123,V2_NACT_Te2,0.0,,,,,,
per_seed,samples_per_second,,,,,,,,,,,,,,,,,123,V2_NACT_Te2,116.565,,,,,,
per_seed,tokens_per_second,,,,,,,,,,,,,,,,,123,V2_NACT_Te2,349.7,,,,,,
per_seed,elapsed_seconds,,,,,,,,,,,,,,,,,123,V2_NACT_Te2,1074.8543629646301,,,,,,
per_seed,rss_mb,,,,,,,,,,,,,,,,,123,V2_NACT_Te2,391.22265625,,,,,,
per_seed,parameter_count,,,,,,,,,,,,,,,,,123,V2_NACT_Te2,4241288,,,,,,
sparsity,,,,,,,,,,,,,,,,,,,,,12,training_distribution,0.140625,0.7671,1.0,1.0
sparsity,,,,,,,,,,,,,,,,,,,,,12,sparse_random,0.130859375,0.7642,1.0,1.0
sparsity,,,,,,,,,,,,,,,,,,,,,10,sparse_random,0.09912109375,0.7402,0.99853515625,1.0
sparsity,,,,,,,,,,,,,,,,,,,,,8,sparse_random,0.07177734375,0.7231,0.998046875,1.0
sparsity,,,,,,,,,,,,,,,,,,,,,6,sparse_random,-0.052734375,0.5879,0.98779296875,1.0
sparsity,,,,,,,,,,,,,,,,,,,,,4,sparse_random,-0.1787109375,0.4243,0.951171875,1.0
sparsity,,,,,,,,,,,,,,,,,,,,,2,sparse_random,-0.373046875,0.2158,0.779296875,1.0
sparsity,,,,,,,,,,,,,,,,,,,,,1,sparse_random,-0.47998046875,0.1196,0.5302734375,1.0
sparsity,,,,,,,,,,,,,,,,,,,,,1,probe_K_times_e_i,-0.44166666666666665,0.1167,0.4166666666666667,1.0
