section,n,representation,input_family,model,parameter_count,source_length,encoder_sequence_length,encoder_loops,output_shape,logits_finite,no_nan,values_reconstructed_exactly,features_finite,logit_abs_max,zero_coordinates_seen,forward_latency_ms_median,forward_throughput_samples_per_second,rss_delta_mib
validation,12,R,dense_random,,4241288,26,14,,"(8, 4, 85)",True,True,True,True,3.7076,2,,,
validation,12,R,sparse,,4241288,26,14,,"(8, 4, 85)",True,True,True,True,3.6697,72,,,
validation,12,R,nnz_1,,4241288,26,14,,"(8, 4, 85)",True,True,True,True,4.0517,88,,,
validation,12,R,probe_K_times_e_i,,4241288,26,14,,"(8, 4, 85)",True,True,True,True,4.0475,88,,,
validation,12,P,dense_random,,4241288,37,14,,"(8, 4, 85)",True,True,True,True,3.6952,2,,,
validation,12,P,sparse,,4241288,37,14,,"(8, 4, 85)",True,True,True,True,3.135,72,,,
validation,12,P,nnz_1,,4241288,37,14,,"(8, 4, 85)",True,True,True,True,2.7336,88,,,
validation,12,P,probe_K_times_e_i,,4241288,37,14,,"(8, 4, 85)",True,True,True,True,3.0731,88,,,
validation,20,R,dense_random,,4241288,42,22,,"(8, 4, 85)",True,True,True,True,3.7133,0,,,
validation,20,R,sparse,,4241288,42,22,,"(8, 4, 85)",True,True,True,True,3.4019,120,,,
validation,20,R,nnz_1,,4241288,42,22,,"(8, 4, 85)",True,True,True,True,3.9008,152,,,
validation,20,R,probe_K_times_e_i,,4241288,42,22,,"(8, 4, 85)",True,True,True,True,3.5732,152,,,
validation,20,P,dense_random,,4241288,61,22,,"(8, 4, 85)",True,True,True,True,3.9887,0,,,
validation,20,P,sparse,,4241288,61,22,,"(8, 4, 85)",True,True,True,True,3.4943,120,,,
validation,20,P,nnz_1,,4241288,61,22,,"(8, 4, 85)",True,True,True,True,3.5977,152,,,
validation,20,P,probe_K_times_e_i,,4241288,61,22,,"(8, 4, 85)",True,True,True,True,3.4209,152,,,
validation,30,R,dense_random,,4241288,62,32,,"(8, 4, 85)",True,True,True,True,3.2604,0,,,
validation,30,R,sparse,,4241288,62,32,,"(8, 4, 85)",True,True,True,True,3.393,184,,,
validation,30,R,nnz_1,,4241288,62,32,,"(8, 4, 85)",True,True,True,True,3.4833,232,,,
validation,30,R,probe_K_times_e_i,,4241288,62,32,,"(8, 4, 85)",True,True,True,True,3.5054,232,,,
validation,30,P,dense_random,,4241288,91,32,,"(8, 4, 85)",True,True,True,True,3.5155,0,,,
validation,30,P,sparse,,4241288,91,32,,"(8, 4, 85)",True,True,True,True,3.1479,184,,,
validation,30,P,nnz_1,,4241288,91,32,,"(8, 4, 85)",True,True,True,True,3.4616,232,,,
validation,30,P,probe_K_times_e_i,,4241288,91,32,,"(8, 4, 85)",True,True,True,True,3.01,232,,,
validation,50,R,dense_random,,4241288,102,52,,"(8, 4, 85)",True,True,True,True,3.8484,1,,,
validation,50,R,sparse,,4241288,102,52,,"(8, 4, 85)",True,True,True,True,3.4618,304,,,
validation,50,R,nnz_1,,4241288,102,52,,"(8, 4, 85)",True,True,True,True,2.9441,392,,,
validation,50,R,probe_K_times_e_i,,4241288,102,52,,"(8, 4, 85)",True,True,True,True,3.0078,392,,,
validation,50,P,dense_random,,4241288,151,52,,"(8, 4, 85)",True,True,True,True,3.7399,1,,,
validation,50,P,sparse,,4241288,151,52,,"(8, 4, 85)",True,True,True,True,3.1725,304,,,
validation,50,P,nnz_1,,4241288,151,52,,"(8, 4, 85)",True,True,True,True,3.4151,392,,,
validation,50,P,probe_K_times_e_i,,4241288,151,52,,"(8, 4, 85)",True,True,True,True,3.1862,392,,,
validation,70,R,dense_random,,4241288,142,72,,"(8, 4, 85)",True,True,True,True,3.5712,4,,,
validation,70,R,sparse,,4241288,142,72,,"(8, 4, 85)",True,True,True,True,3.8154,424,,,
validation,70,R,nnz_1,,4241288,142,72,,"(8, 4, 85)",True,True,True,True,3.4676,552,,,
validation,70,R,probe_K_times_e_i,,4241288,142,72,,"(8, 4, 85)",True,True,True,True,3.8033,552,,,
validation,70,P,dense_random,,4241288,211,72,,"(8, 4, 85)",True,True,True,True,3.9028,4,,,
validation,70,P,sparse,,4241288,211,72,,"(8, 4, 85)",True,True,True,True,3.7679,424,,,
validation,70,P,nnz_1,,4241288,211,72,,"(8, 4, 85)",True,True,True,True,3.5828,552,,,
validation,70,P,probe_K_times_e_i,,4241288,211,72,,"(8, 4, 85)",True,True,True,True,3.7713,552,,,
validation,90,R,dense_random,,4241288,182,92,,"(8, 4, 85)",True,True,True,True,3.0744,5,,,
validation,90,R,sparse,,4241288,182,92,,"(8, 4, 85)",True,True,True,True,4.0218,544,,,
validation,90,R,nnz_1,,4241288,182,92,,"(8, 4, 85)",True,True,True,True,3.0233,712,,,
validation,90,R,probe_K_times_e_i,,4241288,182,92,,"(8, 4, 85)",True,True,True,True,3.1619,712,,,
validation,90,P,dense_random,,4241288,271,92,,"(8, 4, 85)",True,True,True,True,3.729,5,,,
validation,90,P,sparse,,4241288,271,92,,"(8, 4, 85)",True,True,True,True,4.5595,544,,,
validation,90,P,nnz_1,,4241288,271,92,,"(8, 4, 85)",True,True,True,True,3.9164,712,,,
validation,90,P,probe_K_times_e_i,,4241288,271,92,,"(8, 4, 85)",True,True,True,True,4.0782,712,,,
validation,128,R,dense_random,,4241288,258,130,,"(8, 4, 85)",True,True,True,True,3.2448,8,,,
validation,128,R,sparse,,4241288,258,130,,"(8, 4, 85)",True,True,True,True,3.6316,768,,,
validation,128,R,nnz_1,,4241288,258,130,,"(8, 4, 85)",True,True,True,True,3.5391,1016,,,
validation,128,R,probe_K_times_e_i,,4241288,258,130,,"(8, 4, 85)",True,True,True,True,3.2302,1016,,,
validation,128,P,dense_random,,4241288,385,130,,"(8, 4, 85)",True,True,True,True,3.3071,8,,,
validation,128,P,sparse,,4241288,385,130,,"(8, 4, 85)",True,True,True,True,3.8652,768,,,
validation,128,P,nnz_1,,4241288,385,130,,"(8, 4, 85)",True,True,True,True,3.2404,1016,,,
validation,128,P,probe_K_times_e_i,,4241288,385,130,,"(8, 4, 85)",True,True,True,True,3.2847,1016,,,
benchmark,30,R,,V1 GatedUT T_e=2,4131200,62,62,2,,,,,,,,348.938,91.7,-29.6
benchmark,30,R,,V2 NACT T_e=4,4241288,62,32,4,,,,,,,,373.123,85.8,-1.0
benchmark,30,R,,V2 NACT T_e=2,4241288,62,32,2,,,,,,,,213.218,150.1,7.1
benchmark,30,P,,V1 GatedUT T_e=2,4131200,91,91,2,,,,,,,,514.296,62.2,0.0
benchmark,30,P,,V2 NACT T_e=4,4241288,91,32,4,,,,,,,,369.889,86.5,13.0
benchmark,30,P,,V2 NACT T_e=2,4241288,91,32,2,,,,,,,,204.006,156.9,-13.1
benchmark,128,R,,V1 GatedUT T_e=2,4131200,258,258,2,,,,,,,,1601.589,20.0,-7.9
benchmark,128,R,,V2 NACT T_e=4,4241288,258,130,4,,,,,,,,1672.899,19.1,-2.5
benchmark,128,R,,V2 NACT T_e=2,4241288,258,130,2,,,,,,,,821.809,38.9,-0.5
benchmark,128,P,,V1 GatedUT T_e=2,4131200,385,385,2,,,,,,,,2285.923,14.0,-0.4
benchmark,128,P,,V2 NACT T_e=4,4241288,385,130,4,,,,,,,,1440.323,22.2,-65.5
benchmark,128,P,,V2 NACT T_e=2,4241288,385,130,2,,,,,,,,820.746,39.0,0.0
